{
  "intents": [
    {
      "name": "AMAZON.CancelIntent",
      "samples": []
    },
    {
      "name": "AMAZON.HelpIntent",
      "samples": []
    },
    {
      "name": "AMAZON.StopIntent",
      "samples": []
    },
    {
      "name": "GETPLAN",
      "samples": [
        "Start exercising for {minutes} minutes ",
        "Get an exercise plan for {minutes} minutes "
      ],
      "slots": [
        {
          "name": "minutes",
          "type": "AMAZON.NUMBER",
          "samples": []
        }
      ]
    }
  ]
}
